code,system
N119000,readv2
N11C000,readv2
N11B000,readv2
SD72200,readv2
N242300,readv2
N11y200,readv2
N035.12,readv2
N12C100,readv2
N12C.00,readv2
N12C000,readv2
C109H11,readv2
C10FH11,readv2
C108J12,readv2
N035.00,readv2
C10FH00,readv2
C108J11,readv2
C109H12,readv2
C10EJ00,readv2
F171z00,readv2
F374A00,readv2
F366.00,readv2
C109B12,readv2
A531300,readv2
F371100,readv2
F375.00,readv2
C106.12,readv2
Fyu7.00,readv2
F171100,readv2
F374100,readv2
F365.00,readv2
F368100,readv2
F374900,readv2
C10EC00,readv2
F376.00,readv2
F368200,readv2
F371000,readv2
F36..00,readv2
F170.00,readv2
F170z00,readv2
F360z00,readv2
F364.00,readv2
F373.00,readv2
C10EC11,readv2
F171.00,readv2
F362.00,readv2
F360.00,readv2
F342400,readv2
Fyu7000,readv2
C10FB00,readv2
F37..11,readv2
Fyu7800,readv2
C10FB11,readv2
F377.00,readv2
Fyu1300,readv2
F372.11,readv2
F372.12,readv2
F374500,readv2
F374200,readv2
F374800,readv2
F374400,readv2
F36yz00,readv2
F372.00,readv2
F36z.00,readv2
F374300,readv2
C109B11,readv2
F36y.00,readv2
F367.00,readv2
C106.13,readv2
F368000,readv2
F368.00,readv2
F262C00,readv2
M2y1500,readv2
1DC1.00,readv2
1M4..00,readv2
F351.00,readv2
1DC9.00,readv2
F336000,readv2
SP07B00,readv2
SP07C00,readv2
SP07A00,readv2
F37y.00,readv2
F37..00,readv2
F262500,readv2
F335.00,readv2
F321.00,readv2
A531500,readv2
F356100,readv2
F262100,readv2
C10FA00,readv2
C109A11,readv2
C10EB00,readv2
C10FA11,readv2
C108B11,readv2
F369.00,readv2
F347.00,readv2
N33C.00,readv2
F371z00,readv2
F371.00,readv2
N12C200,readv2
N12C400,readv2
SP07300,readv2
A531.11,readv2
A531511,readv2
N119.00,readv2
N12zH00,readv2
N242000,readv2
Fyu6C00,readv2
F301.00,readv2
Fyu7200,readv2
SyuKE11,readv2
1475,readv2
F301z00,readv2
A531200,readv2
F300.00,readv2
Nyu6300,readv2
Fyu6B00,readv2
Fyu6A00,readv2
Fyu6D00,readv2
F372000,readv2
N143.11,readv2
N242z00,readv2
N242.00,readv2
F3y0.00,readv2
1M8..00,readv2
C373K13,readv2
C373200,readv2
C108J00,readv2
C108C00,readv2
C108B00,readv2
C109H00,readv2
C109B00,readv2
C10EC12,readv2
C109A00,readv2
N337111,readv2
N337.12,readv2
N11B200,readv2
N119200,readv2
N11C200,readv2
A72x100,readv2
F374600,readv2
FyuAC00,readv2
Fyu7500,readv2
M271100,readv2
M271700,readv2
N11B.00,readv2
N142000,readv2
N143.00,readv2
F171000,readv2
F374000,readv2
F372100,readv2
F369.11,readv2
N11B100,readv2
N11C100,readv2
N119100,readv2
F301000,readv2
N11C.00,readv2